{"N2/N2_0.5": {"systems": ["N2_0.5", "N"], "stoichiometry": [1, -2], "ref": 6.826406877036192}, "N2/N2_0.6": {"systems": ["N2_0.6", "N"], "stoichiometry": [1, -2], "ref": 3.506287715970899}, "N2/N2_0.7": {"systems": ["N2_0.7", "N"], "stoichiometry": [1, -2], "ref": 1.6730352269104571}, "N2/N2_0.8": {"systems": ["N2_0.8", "N"], "stoichiometry": [1, -2], "ref": 0.6717124095653304}, "N2/N2_0.9": {"systems": ["N2_0.9", "N"], "stoichiometry": [1, -2], "ref": 0.1449445566789791}, "N2/N2_1.0": {"systems": ["N2_1.0", "N"], "stoichiometry": [1, -2], "ref": -0.11128063271910094}, "N2/N2_1.1": {"systems": ["N2_1.1", "N"], "stoichiometry": [1, -2], "ref": -0.21610212233468928}, "N2/N2_1.2": {"systems": ["N2_1.2", "N"], "stoichiometry": [1, -2], "ref": -0.2393194240251546}, "N2/N2_1.3": {"systems": ["N2_1.3", "N"], "stoichiometry": [1, -2], "ref": -0.2213493401309421}, "N2/N2_1.4": {"systems": ["N2_1.4", "N"], "stoichiometry": [1, -2], "ref": -0.18515385287233244}, "N2/N2_1.5": {"systems": ["N2_1.5", "N"], "stoichiometry": [1, -2], "ref": -0.14361459701186163}, "N2/N2_1.6": {"systems": ["N2_1.6", "N"], "stoichiometry": [1, -2], "ref": -0.10406544067572554}, "N2/N2_1.7": {"systems": ["N2_1.7", "N"], "stoichiometry": [1, -2], "ref": -0.07070840232741205}, "N2/N2_1.8": {"systems": ["N2_1.8", "N"], "stoichiometry": [1, -2], "ref": -0.04543702533032956}, "N2/N2_1.9": {"systems": ["N2_1.9", "N"], "stoichiometry": [1, -2], "ref": -0.028092528809111172}, "N2/N2_2.0": {"systems": ["N2_2.0", "N"], "stoichiometry": [1, -2], "ref": -0.01713527248567459}, "N2/N2_2.2": {"systems": ["N2_2.2", "N"], "stoichiometry": [1, -2], "ref": -0.0068382236982102995}, "N2/N2_2.4": {"systems": ["N2_2.4", "N"], "stoichiometry": [1, -2], "ref": -0.0032859593848257873}, "N2/N2_2.6": {"systems": ["N2_2.6", "N"], "stoichiometry": [1, -2], "ref": -0.0017649809662287907}, "N2/N2_2.8": {"systems": ["N2_2.8", "N"], "stoichiometry": [1, -2], "ref": -0.0008508184343440917}, "N2/N2_3.0": {"systems": ["N2_3.0", "N"], "stoichiometry": [1, -2], "ref": -0.000434716193169038}, "N2/N2_3.2": {"systems": ["N2_3.2", "N"], "stoichiometry": [1, -2], "ref": -0.0002218612037836465}, "N2/N2_3.4": {"systems": ["N2_3.4", "N"], "stoichiometry": [1, -2], "ref": -9.375643038822545e-05}, "N2/N2_3.6": {"systems": ["N2_3.6", "N"], "stoichiometry": [1, -2], "ref": -4.30161414470831e-05}, "N2/N2_3.8": {"systems": ["N2_3.8", "N"], "stoichiometry": [1, -2], "ref": -2.0791883073911777e-05}, "N2/N2_4.0": {"systems": ["N2_4.0", "N"], "stoichiometry": [1, -2], "ref": -9.816524183747788e-06}, "N2/N2_4.5": {"systems": ["N2_4.5", "N"], "stoichiometry": [1, -2], "ref": -5.430506348602648e-06}, "N2/N2_5.0": {"systems": ["N2_5.0", "N"], "stoichiometry": [1, -2], "ref": -2.8402751439671192e-06}, "C2/C2_0.5": {"systems": ["C2_0.5", "C"], "stoichiometry": [1, -2], "ref": 5.208889288474751}, "C2/C2_0.6": {"systems": ["C2_0.6", "C"], "stoichiometry": [1, -2], "ref": 2.9892070918898526}, "C2/C2_0.7": {"systems": ["C2_0.7", "C"], "stoichiometry": [1, -2], "ref": 1.5751830381024376}, "C2/C2_0.8": {"systems": ["C2_0.8", "C"], "stoichiometry": [1, -2], "ref": 0.7133093320211117}, "C2/C2_0.9": {"systems": ["C2_0.9", "C"], "stoichiometry": [1, -2], "ref": 0.2142530044900468}, "C2/C2_1.0": {"systems": ["C2_1.0", "C"], "stoichiometry": [1, -2], "ref": -0.05892137342519277}, "C2/C2_1.1": {"systems": ["C2_1.1", "C"], "stoichiometry": [1, -2], "ref": -0.1940421373021195}, "C2/C2_1.2": {"systems": ["C2_1.2", "C"], "stoichiometry": [1, -2], "ref": -0.2464596070860523}, "C2/C2_1.3": {"systems": ["C2_1.3", "C"], "stoichiometry": [1, -2], "ref": -0.2510147618424128}, "C2/C2_1.4": {"systems": ["C2_1.4", "C"], "stoichiometry": [1, -2], "ref": -0.229486545352799}, "C2/C2_1.5": {"systems": ["C2_1.5", "C"], "stoichiometry": [1, -2], "ref": -0.19539651546934067}, "C2/C2_1.6": {"systems": ["C2_1.6", "C"], "stoichiometry": [1, -2], "ref": -0.14636704787452004}, "C2/C2_1.7": {"systems": ["C2_1.7", "C"], "stoichiometry": [1, -2], "ref": -0.12872693337722296}, "C2/C2_1.8": {"systems": ["C2_1.8", "C"], "stoichiometry": [1, -2], "ref": -0.10813259747780535}, "C2/C2_1.9": {"systems": ["C2_1.9", "C"], "stoichiometry": [1, -2], "ref": -0.07188923664037361}, "C2/C2_2.0": {"systems": ["C2_2.0", "C"], "stoichiometry": [1, -2], "ref": -0.057947223006650006}, "C2/C2_2.2": {"systems": ["C2_2.2", "C"], "stoichiometry": [1, -2], "ref": -0.029829984640144858}, "C2/C2_2.4": {"systems": ["C2_2.4", "C"], "stoichiometry": [1, -2], "ref": -0.014746412633854789}, "C2/C2_2.6": {"systems": ["C2_2.6", "C"], "stoichiometry": [1, -2], "ref": -0.007362734939817983}, "C2/C2_2.8": {"systems": ["C2_2.8", "C"], "stoichiometry": [1, -2], "ref": -0.0038224880420898444}, "C2/C2_3.0": {"systems": ["C2_3.0", "C"], "stoichiometry": [1, -2], "ref": -0.0020027440716887668}, "C2/C2_3.2": {"systems": ["C2_3.2", "C"], "stoichiometry": [1, -2], "ref": -0.001022544420109739}, "C2/C2_3.4": {"systems": ["C2_3.4", "C"], "stoichiometry": [1, -2], "ref": -0.0004864680961134127}, "C2/C2_3.6": {"systems": ["C2_3.6", "C"], "stoichiometry": [1, -2], "ref": -0.0002140215755872532}, "C2/C2_3.8": {"systems": ["C2_3.8", "C"], "stoichiometry": [1, -2], "ref": -4.619779082304376e-05}, "C2/C2_4.0": {"systems": ["C2_4.0", "C"], "stoichiometry": [1, -2], "ref": -1.38354736520796e-05}, "C2/C2_4.5": {"systems": ["C2_4.5", "C"], "stoichiometry": [1, -2], "ref": -2.7335208727663485e-06}, "C2/C2_5.0": {"systems": ["C2_5.0", "C"], "stoichiometry": [1, -2], "ref": 9.408888388406922e-07}, "H2/H2_0.5": {"systems": ["H2_0.5", "H"], "stoichiometry": [1, -2], "ref": -0.08139807511634689}, "H2/H2_0.6": {"systems": ["H2_0.6", "H"], "stoichiometry": [1, -2], "ref": -0.13548763828118593}, "H2/H2_0.7": {"systems": ["H2_0.7", "H"], "stoichiometry": [1, -2], "ref": -0.15369101047786693}, "H2/H2_0.8": {"systems": ["H2_0.8", "H"], "stoichiometry": [1, -2], "ref": -0.1535620599574724}, "H2/H2_0.9": {"systems": ["H2_0.9", "H"], "stoichiometry": [1, -2], "ref": -0.1441366307123989}, "H2/H2_1.0": {"systems": ["H2_1.0", "H"], "stoichiometry": [1, -2], "ref": -0.13031253116016905}, "H2/H2_1.1": {"systems": ["H2_1.1", "H"], "stoichiometry": [1, -2], "ref": -0.11480405860556797}, "H2/H2_1.2": {"systems": ["H2_1.2", "H"], "stoichiometry": [1, -2], "ref": -0.09912966763371467}, "H2/H2_1.3": {"systems": ["H2_1.3", "H"], "stoichiometry": [1, -2], "ref": -0.08414108141241583}, "H2/H2_1.4": {"systems": ["H2_1.4", "H"], "stoichiometry": [1, -2], "ref": -0.07030945232390529}, "H2/H2_1.5": {"systems": ["H2_1.5", "H"], "stoichiometry": [1, -2], "ref": -0.05788162455840873}, "H2/H2_1.6": {"systems": ["H2_1.6", "H"], "stoichiometry": [1, -2], "ref": -0.046965997770698764}, "H2/H2_1.7": {"systems": ["H2_1.7", "H"], "stoichiometry": [1, -2], "ref": -0.037578918872196776}, "H2/H2_1.8": {"systems": ["H2_1.8", "H"], "stoichiometry": [1, -2], "ref": -0.029669896301823706}, "H2/H2_1.9": {"systems": ["H2_1.9", "H"], "stoichiometry": [1, -2], "ref": -0.0231377015594062}, "H2/H2_2.0": {"systems": ["H2_2.0", "H"], "stoichiometry": [1, -2], "ref": -0.017844453255211667}, "H2/H2_2.2": {"systems": ["H2_2.2", "H"], "stoichiometry": [1, -2], "ref": -0.010327829826176083}, "H2/H2_2.4": {"systems": ["H2_2.4", "H"], "stoichiometry": [1, -2], "ref": -0.005824302452004271}, "H2/H2_2.6": {"systems": ["H2_2.6", "H"], "stoichiometry": [1, -2], "ref": -0.00323717365168974}, "H2/H2_2.8": {"systems": ["H2_2.8", "H"], "stoichiometry": [1, -2], "ref": -0.0017892033002241403}, "H2/H2_3.0": {"systems": ["H2_3.0", "H"], "stoichiometry": [1, -2], "ref": -0.0009890086244287444}, "H2/H2_3.2": {"systems": ["H2_3.2", "H"], "stoichiometry": [1, -2], "ref": -0.0005475181441113586}, "H2/H2_3.4": {"systems": ["H2_3.4", "H"], "stoichiometry": [1, -2], "ref": -0.0003024429575897436}, "H2/H2_3.6": {"systems": ["H2_3.6", "H"], "stoichiometry": [1, -2], "ref": -0.00016533309323818468}, "H2/H2_3.8": {"systems": ["H2_3.8", "H"], "stoichiometry": [1, -2], "ref": -8.849866372417914e-05},