{"0.5": 5.020400392199349, "0.6": 2.309457323031719, "0.7": 0.8783918039578786, "0.8": 0.1534331602976131, "0.9": -0.19351352332036953, "1.0": -0.33126576212563563, "1.1": -0.35759186961398015, "1.2": -0.33506183347048335, "1.3": -0.29105659896340086, "1.4": -0.2375840542925829, "1.5": -0.1844119159446862, "1.6": -0.1357027242414368, "1.7": -0.09513360341453492, "1.8": -0.06488669680937065, "1.9": -0.041500670483490154, "2.0": -0.02743397146364046, "2.2": -0.007680057020984066, "2.4": -0.003566173521765137, "2.6": 0.0012068808110718976, "2.8": 0.011050296836714324, "3.0": 0.007246149089603193, "3.5": 0.0057013327286448146, "4.0": 0.0023072577762661695, "N": -9.75358274702212}