{"0.5": 7.755874273384897, "0.6": 4.003567080421178, "0.7": 2.0693469151454025, "0.8": 1.0508383759009945, "0.9": 0.5064395885022037, "1.0": 0.22069543891626608, "1.1": 0.06746380653635242, "1.2": -0.004741361201126892, "1.3": -0.04135650452519002, "1.4": -0.04660675978770712, "1.5": -0.04652680413503418, "1.6": -0.04051038321497913, "1.7": -0.02855658703306574, "1.8": -0.01918272600973836, "1.9": -0.014877421947993241, "2.0": -0.00601015174748909, "2.2": -0.003925351238052599, "2.4": 0.0009760641407297044, "2.6": 0.0027526482367292715, "2.8": 0.002111328622859787, "3.0": -0.0001836809248985105, "3.5": 0.002041482759914004, "4.0": 0.0032370536460319954, "F": -24.182472812089927}