{"0.5": 1.142126698761869, "0.6": 0.2850709201439905, "0.7": -0.11690619360887666, "0.8": -0.2922248020409626, "0.9": -0.3554158976696371, "1.0": -0.36106772521217323, "1.1": -0.3314027028545006, "1.2": -0.29097936891499643, "1.3": -0.2491067193248, "1.4": -0.20537561725456754, "1.5": -0.16409760504481596, "1.6": -0.1320137441984528, "1.7": -0.10185088547116905, "1.8": -0.0761093245557305, "1.9": -0.05803303710005636, "2.0": -0.04243343551966916, "2.2": -0.020784634442652106, "2.4": -0.009000082393832542, "2.6": -0.0033252174703690685, "2.8": -0.0015368723191642175, "3.0": -0.0008202829413264112, "3.5": -0.0021566812196560647, "4.0": 0.001994344049396801, "O": -15.868566515754852}