{"0.5": 0.751432570374222, "0.6": 0.13546063016036758, "0.7": -0.1802535436676309, "0.8": -0.33509803109286507, "0.9": -0.3993375655985214, "1.0": -0.4141424319228464, "1.1": -0.3991624485143297, "1.2": -0.36458524183641217, "1.3": -0.324602031206481, "1.4": -0.28405150515758004, "1.5": -0.23931905418733956, "1.6": -0.19642530644875444, "1.7": -0.16160866135327678, "1.8": -0.12744752007958793, "1.9": -0.10068151424566141, "2.0": -0.07979853571277307, "2.2": -0.047239699070644736, "2.4": -0.026743159236245262, "2.6": -0.014820800181940097, "2.8": -0.008282520427516538, "3.0": -0.004892520687736823, "3.5": 0.0003161418331472099, "4.0": 0.0008472571995516986}